"RK",TIERS,"PLAYER NAME",TEAM,"POS","BYE WEEK","SOS SEASON","ECR VS. ADP"
"1",1,"Jonathan Taylor",IND,"RB1","14","3 out of 5 stars","0"
"2",1,"Christian McCaffrey",CAR,"RB2","13","3 out of 5 stars","0"
"3",1,"Derrick Henry",TEN,"RB3","6","4 out of 5 stars","+1"
"4",1,"Dalvin Cook",MIN,"RB4","7","4 out of 5 stars","+4"
"5",1,"Austin Ekeler",LAC,"RB5","8","2 out of 5 stars","-2"
"6",1,"Joe Mixon",CIN,"RB6","10","3 out of 5 stars","+4"
"7",2,"Najee Harris",PIT,"RB7","9","3 out of 5 stars","0"
"8",2,"Justin Jefferson",MIN,"WR1","7","2 out of 5 stars","-2"
"9",2,"Cooper Kupp",LAR,"WR2","7","2 out of 5 stars","-4"
"10",2,"Nick Chubb",CLE,"RB8","9","3 out of 5 stars","+6"
"11",2,"Ja'Marr Chase",CIN,"WR3","10","3 out of 5 stars","-2"
"12",2,"Alvin Kamara",NO,"RB9","14","3 out of 5 stars","+3"
"13",3,"Mark Andrews",BAL,"TE1","10","2 out of 5 stars","+12"
"14",3,"Saquon Barkley",NYG,"RB10","9","3 out of 5 stars","+4"
"15",3,"D'Andre Swift",DET,"RB11","6","4 out of 5 stars","-4"
"16",3,"Travis Kelce",KC,"TE2","8","3 out of 5 stars","-2"
"17",3,"Stefon Diggs",BUF,"WR4","7","4 out of 5 stars","-4"
"18",3,"Davante Adams",LV,"WR5","6","2 out of 5 stars","-6"
"19",3,"Deebo Samuel",SF,"WR6","9","3 out of 5 stars","0"
"20",3,"Javonte Williams",DEN,"RB12","9","3 out of 5 stars","-3"
"21",3,"CeeDee Lamb",DAL,"WR7","9","3 out of 5 stars","-1"
"22",3,"Leonard Fournette",TB,"RB13","11","2 out of 5 stars","+2"
"23",3,"Aaron Jones",GB,"RB14","14","3 out of 5 stars","-2"
"24",3,"Mike Evans",TB,"WR8","11","4 out of 5 stars","+3"
"25",4,"Tyreek Hill",MIA,"WR9","11","2 out of 5 stars","-3"
"26",4,"James Conner",ARI,"RB15","13","2 out of 5 stars","+3"
"27",4,"A.J. Brown",PHI,"WR10","7","4 out of 5 stars","-1"
"28",4,"Kyle Pitts",ATL,"TE3","14","2 out of 5 stars","+3"
"29",4,"Tee Higgins",CIN,"WR11","10","3 out of 5 stars","+4"
"30",4,"Ezekiel Elliott",DAL,"RB16","9","4 out of 5 stars","-2"
"31",4,"Michael Pittman Jr.",IND,"WR12","14","4 out of 5 stars","+4"
"32",4,"Josh Allen",BUF,"QB1","7","3 out of 5 stars","-9"
"33",4,"Keenan Allen",LAC,"WR13","8","3 out of 5 stars","-3"
"34",4,"Mike Williams",LAC,"WR14","8","3 out of 5 stars","+12"
"35",4,"DJ Moore",CAR,"WR15","13","3 out of 5 stars","+7"
"36",4,"Courtland Sutton",DEN,"WR16","9","4 out of 5 stars","+15"
"37",5,"Breece Hall",NYJ,"RB17","10","4 out of 5 stars","0"
"38",5,"Terry McLaurin",WAS,"WR17","14","4 out of 5 stars","+6"
"39",5,"Cam Akers",LAR,"RB18","7","2 out of 5 stars","-1"
"40",5,"Justin Herbert",LAC,"QB2","8","3 out of 5 stars","-4"
"41",5,"David Montgomery",CHI,"RB19","14","5 out of 5 stars","-7"
"42",5,"Travis Etienne Jr.",JAC,"RB20","11","3 out of 5 stars","-3"
"43",5,"Jaylen Waddle",MIA,"WR18","11","2 out of 5 stars","+2"
"44",5,"Elijah Mitchell",SF,"RB21","9","2 out of 5 stars","+4"
"45",5,"DK Metcalf",SEA,"WR19","11","4 out of 5 stars","+4"
"46",5,"George Kittle",SF,"TE4","9","4 out of 5 stars","-6"
"47",5,"Brandin Cooks",HOU,"WR20","6","3 out of 5 stars","+8"
"48",5,"J.K. Dobbins",BAL,"RB22","10","4 out of 5 stars","+5"
"49",5,"Diontae Johnson",PIT,"WR21","9","4 out of 5 stars","-8"
"50",5,"Gabriel Davis",BUF,"WR22","7","4 out of 5 stars","+16"
"51",5,"Patrick Mahomes II",KC,"QB3","8","2 out of 5 stars","-19"
"52",5,"Darren Waller",LV,"TE5","6","2 out of 5 stars","-5"
"53",5,"AJ Dillon",GB,"RB23","14","3 out of 5 stars","-1"
"54",5,"Allen Robinson II",LAR,"WR23","7","2 out of 5 stars","+8"
"55",5,"Lamar Jackson",BAL,"QB4","10","2 out of 5 stars","-5"
"56",5,"Marquise Brown",ARI,"WR24","13","2 out of 5 stars","+3"
"57",6,"Josh Jacobs",LV,"RB24","6","2 out of 5 stars","-14"
"58",6,"Jerry Jeudy",DEN,"WR25","9","4 out of 5 stars","+9"
"59",6,"Darnell Mooney",CHI,"WR26","14","3 out of 5 stars","+1"
"60",6,"Kyler Murray",ARI,"QB5","13","2 out of 5 stars","-3"
"61",6,"Dalton Schultz",DAL,"TE6","9","3 out of 5 stars","+2"
"62",6,"Jalen Hurts",PHI,"QB6","7","4 out of 5 stars","-1"
"63",6,"Antonio Gibson",WAS,"RB25","14","4 out of 5 stars","+5"
"64",6,"Rashod Bateman",BAL,"WR27","10","3 out of 5 stars","+21"
"65",6,"Damien Harris",NE,"RB26","10","4 out of 5 stars","+5"
"66",6,"Elijah Moore",NYJ,"WR28","10","1 out of 5 stars","+12"
"67",6,"Amari Cooper",CLE,"WR29","9","4 out of 5 stars","-3"
"68",6,"Chris Godwin",TB,"WR30","11","4 out of 5 stars","-12"
"69",6,"Rashaad Penny",SEA,"RB27","11","2 out of 5 stars","+10"
"70",6,"Michael Thomas",NO,"WR31","14","4 out of 5 stars","-5"
"71",6,"Dallas Goedert",PHI,"TE7","7","2 out of 5 stars","+12"
"72",6,"JuJu Smith-Schuster",KC,"WR32","8","2 out of 5 stars","+3"
"73",6,"Amon-Ra St. Brown",DET,"WR33","6","3 out of 5 stars","-19"
"74",6,"Clyde Edwards-Helaire",KC,"RB28","8","3 out of 5 stars","-5"
"75",6,"Miles Sanders",PHI,"RB29","7","3 out of 5 stars","+1"
"76",6,"Joe Burrow",CIN,"QB7","10","2 out of 5 stars","-18"
"77",7,"Brandon Aiyuk",SF,"WR34","9","3 out of 5 stars","+14"
"78",7,"Adam Thielen",MIN,"WR35","7","2 out of 5 stars","-6"
"79",7,"Chase Edmonds",MIA,"RB30","11","4 out of 5 stars","+5"
"80",7,"T.J. Hockenson",DET,"TE8","6","4 out of 5 stars","-9"
"81",7,"DeVonta Smith",PHI,"WR36","7","4 out of 5 stars","+7"
"82",7,"Allen Lazard",GB,"WR37","14","3 out of 5 stars","+22"
"83",7,"Tom Brady",TB,"QB8","11","3 out of 5 stars","+4"
"84",7,"Russell Wilson",DEN,"QB9","9","4 out of 5 stars","-2"
"85",7,"Rhamondre Stevenson",NE,"RB31","10","4 out of 5 stars","+4"
"86",7,"Tony Pollard",DAL,"RB32","9","4 out of 5 stars","-6"
"87",7,"Kareem Hunt",CLE,"RB33","9","3 out of 5 stars","-6"
"88",7,"Drake London",ATL,"WR38","14","4 out of 5 stars","+5"
"89",7,"Tyler Lockett",SEA,"WR39","11","4 out of 5 stars","+5"
"90",7,"Dak Prescott",DAL,"QB10","9","3 out of 5 stars","-16"
"91",7,"Devin Singletary",BUF,"RB34","7","4 out of 5 stars","-18"
"92",7,"Dameon Pierce",HOU,"RB35","6","3 out of 5 stars","+7"
"93",7,"Dawson Knox",BUF,"TE9","7","3 out of 5 stars","+9"
"94",7,"Trey Lance",SF,"QB11","9","3 out of 5 stars","+9"
"95",7,"DeAndre Hopkins",ARI,"WR40","13","2 out of 5 stars","-3"
"96",7,"Christian Kirk",JAC,"WR41","11","4 out of 5 stars","+4"
"97",7,"Zach Ertz",ARI,"TE10","13","3 out of 5 stars","-2"
"98",7,"Cordarrelle Patterson",ATL,"RB36","14","1 out of 5 stars","-21"
"99",7,"Hunter Renfrow",LV,"WR42","6","2 out of 5 stars","-13"
"100",7,"Melvin Gordon III",DEN,"RB37","9","3 out of 5 stars","-2"
"101",7,"Robert Woods",TEN,"WR43","6","3 out of 5 stars","0"
"102",7,"Matthew Stafford",LAR,"QB12","7","3 out of 5 stars","-6"
"103",7,"Aaron Rodgers",GB,"QB13","14","2 out of 5 stars","-6"
"104",7,"Ken Walker III",SEA,"RB38","11","2 out of 5 stars","-14"
"105",8,"Kadarius Toney",NYG,"WR44","9","4 out of 5 stars","+8"
"106",8,"Kirk Cousins",MIN,"QB14","7","3 out of 5 stars","+5"
"107",8,"Derek Carr",LV,"QB15","6","2 out of 5 stars","+3"
"108",8,"Chris Olave",NO,"WR45","14","4 out of 5 stars","-2"
"109",8,"Treylon Burks",TEN,"WR46","6","3 out of 5 stars","-4"
"110",8,"Chase Claypool",PIT,"WR47","9","4 out of 5 stars","+2"
"111",8,"Darrell Henderson Jr.",LAR,"RB39","7","2 out of 5 stars","+5"
"112",8,"James Cook",BUF,"RB40","7","4 out of 5 stars","-4"
"113",8,"Cole Kmet",CHI,"TE11","14","5 out of 5 stars","+4"
"114",8,"Hunter Henry",NE,"TE12","10","4 out of 5 stars","+43"
"115",8,"Pat Freiermuth",PIT,"TE13","9","4 out of 5 stars","+3"
"116",8,"Michael Carter",NYJ,"RB41","10","4 out of 5 stars","-9"
"117",8,"Tua Tagovailoa",MIA,"QB16","11","2 out of 5 stars","+8"
"118",8,"James Robinson",JAC,"RB42","11","3 out of 5 stars","-9"
"119",8,"Garrett Wilson",NYJ,"WR48","10","1 out of 5 stars","+2"
"120",8,"Justin Fields",CHI,"QB17","14","4 out of 5 stars","+7"
"121",8,"Alexander Mattison",MIN,"RB43","7","4 out of 5 stars","-7"
"122",8,"Marquez Valdes-Scantling",KC,"WR49","8","2 out of 5 stars","+16"
"123",8,"Skyy Moore",KC,"WR50","8","2 out of 5 stars","+6"
"124",8,"Trevor Lawrence",JAC,"QB18","11","5 out of 5 stars","+17"
"125",8,"Tyler Boyd",CIN,"WR51","10","3 out of 5 stars","-3"
"126",8,"Russell Gage",TB,"WR52","11","4 out of 5 stars","-7"
"127",8,"Kenneth Gainwell",PHI,"RB44","7","3 out of 5 stars","-4"
"128",8,"Mike Gesicki",MIA,"TE14","11","3 out of 5 stars","-2"
"129",8,"Irv Smith Jr.",MIN,"TE15","7","3 out of 5 stars","+5"
"130",9,"Albert Okwuegbunam",DEN,"TE16","9","3 out of 5 stars","+17"
"131",9,"David Njoku",CLE,"TE17","9","4 out of 5 stars","+28"
"132",9,"Jamaal Williams",DET,"RB45","6","4 out of 5 stars","+11"
"133",9,"Jameis Winston",NO,"QB19","14","3 out of 5 stars","+27"
"134",9,"Khalil Herbert",CHI,"RB46","14","5 out of 5 stars","-1"
"135",9,"Nyheim Hines",IND,"RB47","14","3 out of 5 stars","-11"
"136",9,"Michael Gallup",DAL,"WR53","9","3 out of 5 stars","+8"
"137",9,"Jakobi Meyers",NE,"WR54","10","4 out of 5 stars","-6"
"138",9,"Matt Ryan",IND,"QB20","14","3 out of 5 stars","+12"
"139",9,"DeVante Parker",NE,"WR55","10","4 out of 5 stars","+9"
"140",9,"Raheem Mostert",MIA,"RB48","11","4 out of 5 stars","0"
"141",9,"Tyler Allgeier",ATL,"RB49","14","1 out of 5 stars","-2"
"142",9,"DJ Chark Jr.",DET,"WR56","6","3 out of 5 stars","-10"
"143",9,"George Pickens",PIT,"WR57","9","4 out of 5 stars","-13"
"144",9,"Noah Fant",SEA,"TE18","11","2 out of 5 stars","+21"
"145",9,"Gerald Everett",LAC,"TE19","8","4 out of 5 stars","+37"
"146",9,"Robert Tonyan",GB,"TE20","14","1 out of 5 stars","+25"
"147",9,"Tyler Higbee",LAR,"TE21","7","3 out of 5 stars","+60"
"148",9,"Ryan Tannehill",TEN,"QB21","6","4 out of 5 stars","+7"
"149",9,"Jarvis Landry",NO,"WR58","14","4 out of 5 stars","-12"
"150",9,"Kenny Golladay",NYG,"WR59","9","4 out of 5 stars","-5"
"151",9,"Rondale Moore",ARI,"WR60","13","2 out of 5 stars","-16"
"152",9,"Rachaad White",TB,"RB50","11","2 out of 5 stars","-24"
"153",9,"Buffalo Bills",BUF,"DST1","7","4 out of 5 stars","+20"
"154",9,"Isaiah Spiller",LAC,"RB51","8","2 out of 5 stars","-34"
"155",9,"Julio Jones",TB,"WR61","11","4 out of 5 stars","-4"
"156",9,"Tampa Bay Buccaneers",TB,"DST2","11","4 out of 5 stars","+30"
"157",9,"Jahan Dotson",WAS,"WR62","14","4 out of 5 stars","-11"
"158",9,"Daniel Jones",NYG,"QB22","9","5 out of 5 stars","+58"
"159",9,"Mac Jones",NE,"QB23","10","4 out of 5 stars","+5"
"160",9,"J.D. McKissic",WAS,"RB52","14","4 out of 5 stars","-24"
"161",9,"Evan Engram",JAC,"TE22","11","4 out of 5 stars","+24"
"162",9,"Nico Collins",HOU,"WR63","6","3 out of 5 stars","+34"
"163",9,"San Francisco 49ers",SF,"DST3","9","4 out of 5 stars","+45"
"164",9,"Austin Hooper",TEN,"TE23","6","5 out of 5 stars","+76"
"165",9,"Zamir White",LV,"RB53","6","2 out of 5 stars","+4"
"166",9,"Corey Davis",NYJ,"WR64","10","1 out of 5 stars","+18"
"167",10,"Marlon Mack",HOU,"RB54","6","3 out of 5 stars","-4"
"168",10,"Carson Wentz",WAS,"QB24","14","4 out of 5 stars","+20"
"169",10,"Mark Ingram II",NO,"RB55","14","3 out of 5 stars","+3"
"170",10,"Indianapolis Colts",IND,"DST4","14","3 out of 5 stars","+31"
"171",10,"Jared Goff",DET,"QB25","6","3 out of 5 stars","+28"
"172",10,"Gus Edwards",BAL,"RB56","10","4 out of 5 stars","+2"
"173",10,"Logan Thomas",WAS,"TE24","14","4 out of 5 stars","+47"
"174",10,"Joshua Palmer",LAC,"WR65","8","3 out of 5 stars","-4"
"175",10,"Mecole Hardman",KC,"WR66","8","2 out of 5 stars","-19"
"176",10,"Justin Tucker",BAL,"K1","10","3 out of 5 stars","-34"
"177",10,"Denver Broncos",DEN,"DST5","9","3 out of 5 stars","+49"
"178",10,"Zach Wilson",NYJ,"QB26","10","1 out of 5 stars","+20"
"179",10,"K.J. Osborn",MIN,"WR67","7","2 out of 5 stars","+8"
"180",10,"New Orleans Saints",NO,"DST6","14","3 out of 5 stars","+25"
"181",10,"Brian Robinson Jr.",WAS,"RB57","14","4 out of 5 stars","-66"
"182",10,"Van Jefferson",LAR,"WR68","7","2 out of 5 stars","+20"
"183",10,"Robbie Anderson",CAR,"WR69","13","3 out of 5 stars","+6"
"184",10,"New England Patriots",NE,"DST7","10","3 out of 5 stars","+20"
"185",10,"Sony Michel",FA,"RB58","-","-","+12"
"186",10,"Hayden Hurst",CIN,"TE25","10","2 out of 5 stars","+41"
"187",10,"D'Onta Foreman",CAR,"RB59","13","3 out of 5 stars","-10"
"188",10,"Jameson Williams",DET,"WR70","6","3 out of 5 stars","-34"
"189",10,"Los Angeles Rams",LAR,"DST8","7","3 out of 5 stars","+29"
"190",10,"Tyler Bass",BUF,"K2","7","4 out of 5 stars","-9"
"191",10,"Davis Mills",HOU,"QB27","6","4 out of 5 stars","-13"
"192",10,"Christian Watson",GB,"WR71","14","3 out of 5 stars","-25"
"193",10,"Jalen Tolbert",DAL,"WR72","9","3 out of 5 stars","-44"
"194",10,"Baker Mayfield",CAR,"QB28","13","3 out of 5 stars","-19"
"195",10,"Marvin Jones Jr.",JAC,"WR73","11","4 out of 5 stars","+8"
"196",10,"Darrel Williams",ARI,"RB60","13","2 out of 5 stars","-35"
"197",10,"Matt Gay",LAR,"K3","7","2 out of 5 stars","-21"
"198",10,"Dallas Cowboys",DAL,"DST9","9","2 out of 5 stars","-6"
"199",10,"Boston Scott",PHI,"RB61","7","3 out of 5 stars","+50"
"200",10,"Los Angeles Chargers",LAC,"DST10","8","4 out of 5 stars","+34"
"201",10,"Evan McPherson",CIN,"K4","10","0 out of 5 stars","-43"
"202",10,"Ronald Jones II",KC,"RB62","8","3 out of 5 stars","-40"
"203",10,"Isiah Pacheco",KC,"RB63","8","3 out of 5 stars","-12"
"204",10,"KJ Hamler",DEN,"WR74","9","4 out of 5 stars","+25"
"205",10,"Daniel Carlson",LV,"K5","6","2 out of 5 stars","-52"
"206",10,"Donovan Peoples-Jones",CLE,"WR75","9","4 out of 5 stars","+15"
"207",10,"Wan'Dale Robinson",NYG,"WR76","9","4 out of 5 stars","-17"
"208",10,"Curtis Samuel",WAS,"WR77","14","4 out of 5 stars","+4"
"209",10,"Brevin Jordan",HOU,"TE26","6","3 out of 5 stars","+52"
"210",10,"Green Bay Packers",GB,"DST11","14","3 out of 5 stars","+58"
"211",11,"Parris Campbell",IND,"WR78","14","4 out of 5 stars","+12"
"212",11,"Miami Dolphins",MIA,"DST12","11","3 out of 5 stars","-1"
"213",11,"Alec Pierce",IND,"WR79","14","4 out of 5 stars","-34"
"214",11,"Isaiah McKenzie",BUF,"WR80","7","4 out of 5 stars","-46"
"215",11,"Kansas City Chiefs",KC,"DST13","8","3 out of 5 stars","+29"
"216",11,"Kendrick Bourne",NE,"WR81","10","4 out of 5 stars","+36"
"217",11,"Tyrion Davis-Price",SF,"RB64","9","2 out of 5 stars","-24"
"218",11,"Marcus Mariota",ATL,"QB29","14","3 out of 5 stars","+10"
"219",11,"Romeo Doubs",GB,"WR82","14","3 out of 5 stars","-67"
"220",11,"Ryan Succop",TB,"K6","11","1 out of 5 stars","+25"
"221",11,"Harrison Butker",KC,"K7","8","5 out of 5 stars","-55"
"222",11,"Jamison Crowder",BUF,"WR83","7","4 out of 5 stars","+17"
"223",11,"Mo Alie-Cox",IND,"TE27","14","2 out of 5 stars","+52"
"224",11,"Matt Prater",ARI,"K8","13","2 out of 5 stars","-29"
"225",11,"Cleveland Browns",CLE,"DST14","9","4 out of 5 stars","+64"
"226",11,"A.J. Green",ARI,"WR84","13","2 out of 5 stars","+47"
"227",11,"Baltimore Ravens",BAL,"DST15","10","4 out of 5 stars","+33"
"228",11,"Philadelphia Eagles",PHI,"DST16","7","2 out of 5 stars","+69"
"229",11,"Jonnu Smith",NE,"TE28","10","4 out of 5 stars","+30"
"230",11,"D'Ernest Johnson",CLE,"RB65","9","3 out of 5 stars","+1"
"231",11,"Jeff Wilson Jr.",SF,"RB66","9","2 out of 5 stars","-37"
"232",11,"Pittsburgh Steelers",PIT,"DST17","9","5 out of 5 stars","+32"
"233",11,"David Bell",CLE,"WR85","9","4 out of 5 stars","+5"
"234",11,"Chuba Hubbard",CAR,"RB67","13","3 out of 5 stars","-20"
"235",11,"Samaje Perine",CIN,"RB68","10","3 out of 5 stars","+27"
"236",11,"Jason Sanders",MIA,"K9","11","1 out of 5 stars","+78"
"237",11,"Rodrigo Blankenship",IND,"K10","14","4 out of 5 stars","-22"
"238",11,"Sterling Shepard",NYG,"WR86","9","4 out of 5 stars","+52"
"239",11,"Damien Williams",ATL,"RB69","14","1 out of 5 stars","+42"
"240",11,"Younghoe Koo",ATL,"K11","14","1 out of 5 stars","-4"
"241",11,"Zack Moss",BUF,"RB70","7","4 out of 5 stars","+74"
"242",11,"Trey Sermon",SF,"RB71","9","2 out of 5 stars","+23"
"243",11,"Brandon McManus",DEN,"K12","9","4 out of 5 stars","-19"
"244",11,"Laviska Shenault Jr.",CAR,"WR87","13","3 out of 5 stars","+40"
"245",11,"Jerick McKinnon",KC,"RB72","8","3 out of 5 stars","+1"
"246",11,"Nick Folk",NE,"K13","10","5 out of 5 stars","+1"
"247",11,"Zay Jones",JAC,"WR88","11","4 out of 5 stars","+35"
"248",11,"Mike Davis",BAL,"RB73","10","4 out of 5 stars","-39"
"249",11,"Arizona Cardinals",ARI,"DST18","13","3 out of 5 stars","+60"
"250",11,"Deshaun Watson",CLE,"QB30","9","4 out of 5 stars","-70"
"251",11,"Robbie Gould",SF,"K14","9","3 out of 5 stars","+28"
"252",11,"Mitch Trubisky",PIT,"QB31","9","3 out of 5 stars","-19"
"253",11,"Terrace Marshall Jr.",CAR,"WR89","13","3 out of 5 stars","-5"
"254",11,"Jake Elliott",PHI,"K15","7","2 out of 5 stars","+48"
"255",11,"Tennessee Titans",TEN,"DST19","6","2 out of 5 stars","+8"
"256",11,"Byron Pringle",CHI,"WR90","14","3 out of 5 stars","+35"
"257",11,"Cincinnati Bengals",CIN,"DST20","10","4 out of 5 stars","+35"
"258",11,"Adam Trautman",NO,"TE29","14","4 out of 5 stars","+41"
"259",11,"Dustin Hopkins",LAC,"K16","8","5 out of 5 stars","-16"
"260",11,"Rex Burkhead",HOU,"RB74","6","3 out of 5 stars","+45"
"261",11,"Randall Cobb",GB,"WR91","14","3 out of 5 stars","+32"
"262",11,"Sammy Watkins",GB,"WR92","14","3 out of 5 stars","-79"
"263",11,"Cameron Brate",TB,"TE30","11","3 out of 5 stars","-38"
"264",12,"Bryan Edwards",ATL,"WR93","14","4 out of 5 stars","+32"
"265",12,"Carolina Panthers",CAR,"DST21","13","4 out of 5 stars","+48"
"266",12,"Eno Benjamin",ARI,"RB75","13","2 out of 5 stars","-29"
"267",12,"Wil Lutz",NO,"K17","14","4 out of 5 stars","-26"
"268",12,"Braxton Berrios",NYJ,"WR94","10","1 out of 5 stars","+59"
"269",12,"Minnesota Vikings",MIN,"DST22","7","2 out of 5 stars","-3"
"270",12,"Greg Zuerlein",NYJ,"K18","10","0 out of 5 stars","+83"
"271",12,"Dan Arnold",JAC,"TE31","11","4 out of 5 stars","+91"
"272",12,"Chris Boswell",PIT,"K19","9","3 out of 5 stars","+59"
"273",12,"C.J. Uzomah",NYJ,"TE32","10","3 out of 5 stars","+7"
"274",12,"Mason Crosby",GB,"K20","14","4 out of 5 stars","+84"
"275",12,"Marquez Callaway",NO,"WR95","14","4 out of 5 stars","+13"
"276",12,"Cedrick Wilson Jr.",MIA,"WR96","11","2 out of 5 stars","+10"
"277",12,"Matt Breida",NYG,"RB76","9","3 out of 5 stars","-20"
"278",12,"Nelson Agholor",NE,"WR97","10","4 out of 5 stars","+70"
"279",12,"William Fuller V",FA,"WR98","-","-","-23"
"280",12,"Chicago Bears",CHI,"DST23","14","1 out of 5 stars","+39"
"281",12,"Joshua Kelley",LAC,"RB77","8","2 out of 5 stars","-51"
"282",12,"Greg Joseph",MIN,"K21","7","0 out of 5 stars","-4"
"283",12,"Hassan Haskins",TEN,"RB78","6","4 out of 5 stars","-77"
"284",12,"Washington Commanders",WAS,"DST24","14","1 out of 5 stars","+72"
"285",12,"Myles Gaskin",MIA,"RB79","11","4 out of 5 stars","-50"
"286",12,"Trey McBride",ARI,"TE33","13","3 out of 5 stars","-9"
"287",12,"Ke'Shawn Vaughn",TB,"RB80","11","2 out of 5 stars","-18"
"288",12,"Graham Gano",NYG,"K22","9","1 out of 5 stars","+42"
"289",12,"Phillip Lindsay",IND,"RB81","14","3 out of 5 stars","-"
"290",12,"Odell Beckham Jr.",FA,"WR99","-","-","-80"
"291",12,"Kenyan Drake",FA,"RB82","-","-","-69"
"292",12,"Jason Myers",SEA,"K23","11","5 out of 5 stars","+89"
"293",12,"O.J. Howard",BUF,"TE34","7","3 out of 5 stars","-"
"294",12,"New York Giants",NYG,"DST25","9","2 out of 5 stars","+26"
"295",12,"Kenny Pickett",PIT,"QB32","9","3 out of 5 stars","-82"
"296",12,"Randy Bullock",TEN,"K24","6","3 out of 5 stars","+70"
"297",12,"Cairo Santos",CHI,"K25","14","3 out of 5 stars","+1"
"298",12,"Josh Reynolds",DET,"WR100","6","3 out of 5 stars","-"
"299",12,"Chris Evans",CIN,"RB83","10","3 out of 5 stars","-44"
"300",12,"New York Jets",NYJ,"DST26","10","4 out of 5 stars","+11"
"301",12,"Kyle Rudolph",TB,"TE35","11","3 out of 5 stars","-84"
"302",12,"Quez Watkins",PHI,"WR101","7","4 out of 5 stars","+58"
"303",12,"Seattle Seahawks",SEA,"DST27","11","3 out of 5 stars","-9"
"304",12,"Ka'imi Fairbairn",HOU,"K26","6","4 out of 5 stars","-"
"305",12,"Drew Lock",SEA,"QB33","11","3 out of 5 stars","-38"
"306",12,"Jacoby Brissett",CLE,"QB34","9","4 out of 5 stars","-53"
"307",12,"Tre'Quan Smith",NO,"WR102","14","4 out of 5 stars","+52"
"308",12,"Kyren Williams",LAR,"RB84","7","2 out of 5 stars","-50"
"309",12,"Velus Jones Jr.",CHI,"WR103","14","3 out of 5 stars","-2"
"310",12,"Geno Smith",SEA,"QB35","11","3 out of 5 stars","+26"
"311",12,"Nick Westbrook-Ikhine",TEN,"WR104","6","3 out of 5 stars","-5"
"312",12,"Darius Slayton",NYG,"WR105","9","4 out of 5 stars","-"
"313",12,"Jimmy Garoppolo",SF,"QB36","9","3 out of 5 stars","-81"
"314",13,"Jacksonville Jaguars",JAC,"DST28","11","2 out of 5 stars","-"
"315",13,"Devin Duvernay",BAL,"WR106","10","3 out of 5 stars","-45"
"316",13,"Daniel Bellinger",NYG,"TE36","9","4 out of 5 stars","-15"
"317",13,"Greg Dulcich",DEN,"TE37","9","3 out of 5 stars","-17"
"318",13,"Pierre Strong Jr.",NE,"RB85","10","4 out of 5 stars","-15"
"319",13,"Dyami Brown",WAS,"WR107","14","4 out of 5 stars","+55"
"320",13,"Ameer Abdullah",LV,"RB86","6","2 out of 5 stars","-48"
"321",13,"Tyler Conklin",NYJ,"TE38","10","3 out of 5 stars","+25"
"322",13,"Justin Jackson",DET,"RB87","6","4 out of 5 stars","-"
"323",13,"Jalen Reagor",PHI,"WR108","7","4 out of 5 stars","-"
"324",13,"Dontrell Hilliard",TEN,"RB88","6","4 out of 5 stars","-124"
"325",13,"Isaiah Likely",BAL,"TE39","10","2 out of 5 stars","-83"
"326",13,"Quintez Cephus",DET,"WR109","6","3 out of 5 stars","-"
"327",13,"Ty Johnson",NYJ,"RB89","10","4 out of 5 stars","+43"
"328",13,"Darrynton Evans",CHI,"RB90","14","5 out of 5 stars","-"
"329",13,"Giovani Bernard",TB,"RB91","11","2 out of 5 stars","+32"
"330",13,"Harrison Bryant",CLE,"TE40","9","4 out of 5 stars","-"
"331",13,"Salvon Ahmed",MIA,"RB92","11","4 out of 5 stars","-"
"332",13,"Emmanuel Sanders",FA,"WR110","-","-","+9"
"333",13,"Kyle Philips",TEN,"WR111","6","3 out of 5 stars","-"
"334",13,"Tyler Badie",BAL,"RB93","10","4 out of 5 stars","-51"
"335",13,"Tevin Coleman",NYJ,"RB94","10","4 out of 5 stars","+32"
"336",13,"Jaylen Warren",PIT,"RB95","9","3 out of 5 stars","-19"
"337",13,"Duke Johnson Jr.",BUF,"RB96","7","4 out of 5 stars","-9"
"338",13,"Tommy Tremble",CAR,"TE41","13","3 out of 5 stars","-"
"339",13,"Desmond Ridder",ATL,"QB37","14","3 out of 5 stars","-89"
"340",13,"Snoop Conner",JAC,"RB97","11","3 out of 5 stars","-"
"341",13,"Chase McLaughlin",FA,"K27","-","-","-"
"342",13,"Las Vegas Raiders",LV,"DST29","6","3 out of 5 stars","-68"
"343",13,"Josh Lambo",FA,"K28","-","-","-"
"344",13,"James Proche II",BAL,"WR112","10","3 out of 5 stars","-"
"345",13,"Sam Darnold",CAR,"QB38","13","3 out of 5 stars","+26"
"346",13,"Donald Parham Jr.",LAC,"TE42","8","4 out of 5 stars","-"
"347",13,"Jerome Ford",CLE,"RB98","9","3 out of 5 stars","-"
"348",13,"Jalen Guyton",LAC,"WR113","8","3 out of 5 stars","-36"
"349",13,"Jared Cook",FA,"TE43","-","-","+16"
"350",13,"Jaret Patterson",WAS,"RB99","14","4 out of 5 stars","-3"
"351",13,"Cole Beasley",FA,"WR114","-","-","-7"
"352",13,"Cade York",CLE,"K29","9","3 out of 5 stars","-67"
"353",13,"Khalil Shakir",BUF,"WR115","7","4 out of 5 stars","-14"
"354",13,"Brett Maher",DAL,"K30","9","5 out of 5 stars","-"
"355",13,"Foster Moreau",LV,"TE44","6","2 out of 5 stars","-"
"356",13,"Jelani Woods",IND,"TE45","14","2 out of 5 stars","-40"
"357",13,"Malcolm Brown",FA,"RB100","-","-","-"
"358",13,"Tyquan Thornton",NE,"WR116","10","4 out of 5 stars","-107"
"359",13,"Anthony Firkser",ATL,"TE46","14","2 out of 5 stars","-"
"360",13,"David Johnson",FA,"RB101","-","-","-31"
"361",13,"Detroit Lions",DET,"DST30","6","2 out of 5 stars","-57"
"362",13,"Danny Gray",SF,"WR117","9","3 out of 5 stars","-"
"363",13,"Olamide Zaccheaus",ATL,"WR118","14","4 out of 5 stars","-53"
"364",13,"Ty Montgomery",NE,"RB102","10","4 out of 5 stars","-"
"365",13,"Atlanta Falcons",ATL,"DST31","14","5 out of 5 stars","-94"
"366",13,"T.Y. Hilton",FA,"WR119","-","-","-16"
"367",14,"Latavius Murray",FA,"RB103","-","-","-12"
"368",14,"Cade Otton",TB,"TE47","11","3 out of 5 stars","-"
"369",14,"John Metchie III",HOU,"WR120","6","3 out of 5 stars","-74"
"370",14,"Devontae Booker",FA,"RB104","-","-","-25"
"371",14,"Taysom Hill",NO,"TE48","14","4 out of 5 stars","-152"
"372",14,"Keaontay Ingram",ARI,"RB105","13","2 out of 5 stars","-118"
"373",14,"James Washington",DAL,"WR121","9","3 out of 5 stars","-52"
"374",14,"Malik Willis",TEN,"QB39","6","4 out of 5 stars","-42"
"375",14,"Devonta Freeman",FA,"RB106","-","-","-26"
"376",14,"Amari Rodgers",GB,"WR122","14","3 out of 5 stars","-68"
"377",14,"John Bates",WAS,"TE49","14","4 out of 5 stars","-"
"378",14,"Joey Slye",WAS,"K31","14","4 out of 5 stars","-91"
"379",14,"Demarcus Robinson",BAL,"WR123","10","3 out of 5 stars","-"
"380",14,"Calvin Austin III",PIT,"WR124","9","4 out of 5 stars","-"
"381",14,"DeeJay Dallas",SEA,"RB107","11","2 out of 5 stars","-"
"382",14,"Chris Conley",HOU,"WR125","6","3 out of 5 stars","-"
"383",14,"Benny Snell Jr.",PIT,"RB108","9","3 out of 5 stars","-107"
"384",14,"Rashard Higgins",CAR,"WR126","13","3 out of 5 stars","-"
"385",14,"Jauan Jennings",SF,"WR127","9","3 out of 5 stars","-"
"386",14,"Houston Texans",HOU,"DST32","6","4 out of 5 stars","-"
"387",14,"Kene Nwangwu",MIN,"RB109","7","4 out of 5 stars","-12"
"388",14,"Wayne Gallman Jr.",FA,"RB110","-","-","-63"
"389",14,"Noah Brown",DAL,"WR128","9","3 out of 5 stars","-"
"390",14,"Josiah Deguara",GB,"TE50","14","1 out of 5 stars","-"
"391",14,"Kylen Granson",IND,"TE51","14","2 out of 5 stars","-"
"392",14,"Austin Seibert",DET,"K32","6","3 out of 5 stars","-"
"393",14,"Zane Gonzalez",CAR,"K33","13","4 out of 5 stars","-13"
"394",14,"Anthony Schwartz",CLE,"WR129","9","4 out of 5 stars","-"
"395",14,"Equanimeous St. Brown",CHI,"WR130","14","3 out of 5 stars","-"
"396",14,"Travis Homer",SEA,"RB111","11","2 out of 5 stars","-20"
"397",14,"Laquon Treadwell",FA,"WR131","-","-","-"
"398",14,"Teddy Bridgewater",MIA,"QB40","11","2 out of 5 stars","-"
"399",14,"Dee Eskridge",SEA,"WR132","11","4 out of 5 stars","-20"
"400",14,"Deonte Harty",NO,"WR133","14","4 out of 5 stars","-28"
"401",14,"Brandon Bolden",LV,"RB112","6","2 out of 5 stars","-37"
"402",14,"Trestan Ebner",CHI,"RB113","14","5 out of 5 stars","-"
"403",14,"Joe Flacco",NYJ,"QB41","10","1 out of 5 stars","-"
"404",14,"Ashton Dulin",IND,"WR134","14","4 out of 5 stars","-"
"405",14,"Pharaoh Brown",HOU,"TE52","6","3 out of 5 stars","-22"
"406",14,"Zach Pascal",PHI,"WR135","7","4 out of 5 stars","-54"
"407",14,"Juwan Johnson",NO,"TE53","14","4 out of 5 stars","-"
"408",14,"Jonathan Garibay",FA,"K34","-","-","-24"
"409",14,"Tyler Johnson",TB,"WR136","11","4 out of 5 stars","-"
"410",14,"Tutu Atwell",LAR,"WR137","7","2 out of 5 stars","-"
"411",14,"Tristan Vizcaino",NE,"K35","10","5 out of 5 stars","-"
"412",14,"Tony Jones Jr.",NO,"RB114","14","3 out of 5 stars","-"
"413",14,"Will Dissly",SEA,"TE54","11","2 out of 5 stars","-"
"414",14,"Craig Reynolds",DET,"RB115","6","4 out of 5 stars","-"
"415",14,"Anthony McFarland Jr.",PIT,"RB116","9","3 out of 5 stars","-"
"416",14,"Geoff Swaim",TEN,"TE55","6","5 out of 5 stars","-"
"417",14,"Keelan Cole Sr.",LV,"WR138","6","2 out of 5 stars","-"
"418",14,"Mack Hollins",LV,"WR139","6","2 out of 5 stars","-"
"419",14,"Ty Chandler",MIN,"RB117","7","4 out of 5 stars","-"
"420",14,"Justin Watson",KC,"WR140","8","2 out of 5 stars","-"
"421",14,"Derrick Gore",FA,"RB118","-","-","-"
"422",14,"Abram Smith",FA,"RB119","-","-","-"
"423",14,"Antonio Brown",FA,"WR141","-","-","-90"
"424",14,"Riley Patterson",DET,"K36","6","3 out of 5 stars","-"
"425",14,"Tyrod Taylor",NYG,"QB42","9","5 out of 5 stars","-48"
"426",14,"Chigoziem Okonkwo",TEN,"TE56","6","5 out of 5 stars","-"
"427",14,"Sam Howell",WAS,"QB43","14","4 out of 5 stars","-"
"428",15,"Tarik Cohen",FA,"RB120","-","-","-"
"429",15,"Freddie Swain",SEA,"WR142","11","4 out of 5 stars","-"
"430",15,"Eric Ebron",FA,"TE57","-","-","-"
"431",15,"Jeremy Ruckert",NYJ,"TE58","10","3 out of 5 stars","-"
"432",15,"Blake Jarwin",FA,"TE59","-","-","-"
"433",15,"Tylan Wallace",BAL,"WR143","10","3 out of 5 stars","-"
"434",15,"Mike Boone",DEN,"RB121","9","3 out of 5 stars","-"
"435",15,"Justice Hill",BAL,"RB122","10","4 out of 5 stars","-"
"436",15,"Tyler Huntley",BAL,"QB44","10","2 out of 5 stars","-"
"437",15,"Kyle Juszczyk",SF,"RB123","9","2 out of 5 stars","-"
"438",15,"Jordan Mason",SF,"RB124","9","2 out of 5 stars","-"
"439",15,"Jake Ferguson",DAL,"TE60","9","3 out of 5 stars","-"
"440",15,"Antoine Wesley",ARI,"WR144","13","2 out of 5 stars","-"
"441",15,"Jamal Agnew",JAC,"WR145","11","4 out of 5 stars","-"
"442",15,"Quinn Nordin",FA,"K37","-","-","-"
"443",15,"Ben Skowronek",LAR,"WR146","7","2 out of 5 stars","-"
"444",15,"Kalif Raymond",DET,"WR147","6","3 out of 5 stars","-81"
"445",15,"Durham Smythe",MIA,"TE61","11","3 out of 5 stars","-"
"446",15,"Ihmir Smith-Marsette",MIN,"WR148","7","2 out of 5 stars","-"
"447",15,"N'Keal Harry",CHI,"WR149","14","3 out of 5 stars","-110"
"448",15,"Tyrell Williams",FA,"WR150","-","-","-"
"449",15,"Gardner Minshew II",PHI,"QB45","7","4 out of 5 stars","-"
"450",15,"Demetric Felton Jr.",CLE,"RB125","9","3 out of 5 stars","-"
"451",15,"Ian Thomas",CAR,"TE62","13","3 out of 5 stars","-"
"452",15,"Jeremy McNichols",PIT,"RB126","9","3 out of 5 stars","-"
"453",15,"Carlos Hyde",FA,"RB127","-","-","-"
"454",15,"Phillip Dorsett II",HOU,"WR151","6","3 out of 5 stars","-"
"455",15,"Denzel Mims",NYJ,"WR152","10","1 out of 5 stars","-"
"456",15,"Le'Veon Bell",FA,"RB128","-","-","-"
"457",15,"Chris Herndon IV",FA,"TE63","-","-","-"
"458",15,"Larry Rountree III",LAC,"RB129","8","2 out of 5 stars","-"
"459",15,"Jordan Howard",FA,"RB130","-","-","-105"
"460",15,"Justyn Ross",KC,"WR153","8","2 out of 5 stars","-142"
"461",15,"Jalen Wydermyer",NE,"TE64","10","4 out of 5 stars","-"
"462",15,"Aldrick Rosas",FA,"K38","-","-","-"
"463",15,"Auden Tate",FA,"WR154","-","-","-"
"464",15,"Ryan Santoso",FA,"K39","-","-","-"
"465",15,"Kevin Harris",NE,"RB131","10","4 out of 5 stars","-"
"466",15,"Kennedy Brooks",PHI,"RB132","7","3 out of 5 stars","-"
"467",15,"Simi Fehoko",DAL,"WR155","9","3 out of 5 stars","-"
"468",15,"Noah Gray",KC,"TE65","8","3 out of 5 stars","-"
"469",15,"Jashaun Corbin",NYG,"RB133","9","3 out of 5 stars","-"
"470",15,"Bo Melton",SEA,"WR156","11","4 out of 5 stars","-"
"471",15,"Gary Brightwell",NYG,"RB134","9","3 out of 5 stars","-"
"472",15,"Dare Ogunbowale",HOU,"RB135","6","3 out of 5 stars","-"
"473",15,"JaMycal Hasty",SF,"RB136","9","2 out of 5 stars","-"
"474",15,"Blake Bell",KC,"TE66","8","3 out of 5 stars","-"
"475",15,"Qadree Ollison",ATL,"RB137","14","1 out of 5 stars","-"
"476",15,"Breshad Perriman",TB,"WR157","11","4 out of 5 stars","-108"
"477",15,"Cyril Grayson Jr.",FA,"WR158","-","-","-"
"478",15,"Royce Freeman",HOU,"RB138","6","3 out of 5 stars","-"
"479",15,"Sam Ficken",FA,"K40","-","-","-"
"480",15,"DeSean Jackson",FA,"WR159","-","-","-"
"481",15,"Charlie Kolar",BAL,"TE67","10","2 out of 5 stars","-"
"482",15,"Jimmy Graham",FA,"TE68","-","-","-"
"483",15,"Chris Moore",HOU,"WR160","6","3 out of 5 stars","-"
"484",15,"James McCourt",JAC,"K41","11","4 out of 5 stars","-"
"485",15,"Jacob Harris",LAR,"TE69","7","3 out of 5 stars","-"
"486",15,"Jordan Akins",NYG,"TE70","9","4 out of 5 stars","-"
"487",15,"Ryquell Armstead",FA,"RB139","-","-","-"
"488",15,"Jonathan Ward",ARI,"RB140","13","2 out of 5 stars","-"
"489",15,"Kylin Hill",GB,"RB141","14","3 out of 5 stars","-"
"490",15,"Tyler Kroft",SF,"TE71","9","4 out of 5 stars","-"
"491",15,"Jermar Jefferson",DET,"RB142","6","4 out of 5 stars","-"
"492",15,"Ryan Griffin",CHI,"TE72","14","5 out of 5 stars","-"
"493",15,"Maxx Williams",ARI,"TE73","13","3 out of 5 stars","-"
"494",15,"DeAndre Carter",LAC,"WR161","8","3 out of 5 stars","-"
"495",15,"Erik Ezukanma",MIA,"WR162","11","2 out of 5 stars","-"
"496",15,"James O'Shaughnessy",CHI,"TE74","14","5 out of 5 stars","-"
"497",15,"Tajae Sharpe",CHI,"WR163","14","3 out of 5 stars","-"
"498",15,"Nick Vannett",NO,"TE75","14","4 out of 5 stars","-"
"499",15,"Dennis Houston",DAL,"WR164","9","3 out of 5 stars","-"
"500",15,"Miles Boykin",PIT,"WR165","9","4 out of 5 stars","-"
"501",15,"Jake Funk",LAR,"RB143","7","2 out of 5 stars","-159"
"502",15,"Brycen Hopkins",LAR,"TE76","7","3 out of 5 stars","-"
"503",15,"Julius Chestnut",TEN,"RB144","6","4 out of 5 stars","-"
"504",15,"Andy Dalton",NO,"QB46","14","3 out of 5 stars","-"
"505",15,"Drew Sample",CIN,"TE77","10","2 out of 5 stars","-"
"506",15,"Hunter Long",MIA,"TE78","11","3 out of 5 stars","-"
"507",15,"KaVontae Turpin",DAL,"WR166","9","3 out of 5 stars","-"
"508",15,"Andrew Jacas",SF,"K42","9","3 out of 5 stars","-"
"509",15,"Nick Boyle",BAL,"TE79","10","2 out of 5 stars","-"
"510",16,"Tyler Davis",GB,"TE80","14","1 out of 5 stars","-"
"511",16,"Dez Fitzpatrick",TEN,"WR167","6","3 out of 5 stars","-"
"512",16,"Shi Smith",CAR,"WR168","13","3 out of 5 stars","-"
"513",16,"Josh Gordon",KC,"WR169","8","2 out of 5 stars","-"
"514",16,"Cole Turner",WAS,"TE81","14","4 out of 5 stars","-"
"515",16,"Mike White",NYJ,"QB47","10","1 out of 5 stars","-"
"516",16,"Brock Wright",DET,"TE82","6","4 out of 5 stars","-"
"517",16,"Taylor Heinicke",WAS,"QB48","14","4 out of 5 stars","-"
"518",16,"Ray-Ray McCloud",SF,"WR170","9","3 out of 5 stars","-"
"519",16,"Dwayne Washington",NO,"RB145","14","3 out of 5 stars","-"
"520",16,"Rico Dowdle",DAL,"RB146","9","4 out of 5 stars","-"
"521",16,"Trayveon Williams",CIN,"RB147","10","3 out of 5 stars","-"
"522",16,"Zach Gentry",PIT,"TE83","9","4 out of 5 stars","-"
"523",16,"Tre' McKitty",LAC,"TE84","8","4 out of 5 stars","-"
"524",16,"Brandon Zylstra",CAR,"WR171","13","3 out of 5 stars","-"
"525",16,"Tyler Goodson",GB,"RB148","14","3 out of 5 stars","-"
"526",16,"Adrian Peterson",FA,"RB149","-","-","-"
"527",16,"Ross Dwelley",SF,"TE85","9","4 out of 5 stars","-"
"528",16,"C.J. Ham",MIN,"RB150","7","4 out of 5 stars","-"
"529",16,"Damiere Byrd",ATL,"WR172","14","4 out of 5 stars","-"
"530",16,"Cam Sims",WAS,"WR173","14","4 out of 5 stars","-196"
"531",16,"Kyle Allen",HOU,"QB49","6","4 out of 5 stars","-"
"532",16,"Trent Sherfield",MIA,"WR174","11","2 out of 5 stars","-"
"533",16,"Travis Fulgham",GB,"WR175","14","3 out of 5 stars","-"
"534",16,"Blaine Gabbert",TB,"QB50","11","3 out of 5 stars","-156"
"535",16,"Marcedes Lewis",GB,"TE86","14","1 out of 5 stars","-"
"536",16,"Kendall Blanton",WAS,"TE87","14","4 out of 5 stars","-"
"537",16,"Johnny Mundt",MIN,"TE88","7","3 out of 5 stars","-"
"538",16,"Montrell Washington",DEN,"WR176","9","4 out of 5 stars","-"
"539",16,"Patrick Taylor Jr.",GB,"RB151","14","3 out of 5 stars","-"
"540",16,"J.J. Taylor",NE,"RB152","10","4 out of 5 stars","-"
"541",16,"Mike Thomas",CIN,"WR177","10","3 out of 5 stars","-"
"542",16,"Alec Ingold",MIA,"RB153","11","4 out of 5 stars","-"
"543",16,"Kendall Hinton",DEN,"WR178","9","4 out of 5 stars","-"
"544",16,"John Wolford",LAR,"QB51","7","3 out of 5 stars","-"
"545",16,"Marcus Johnson",SF,"WR179","9","3 out of 5 stars","-"
"546",16,"KhaDarel Hodge",ATL,"WR180","14","4 out of 5 stars","-"
"547",16,"Ty'Son Williams",IND,"RB154","14","3 out of 5 stars","-"